Model,Level,Avg Error,Success Rate
BM25,Level 1,0.5639344262295082,0.9978189749182116
Advanced,Level 1,0.687842278203724,0.9956379498364231
